{
    "0": -0.1474597156047821,
    "1": 0.12980906665325165,
    "2": 0.0008792921435087919,
    "3": 0.00010282237053615972,
    "4": -0.060544952750205994,
    "5": -0.10518836975097656,
    "6": -0.06297315657138824,
    "7": -0.15544532239437103,
    "8": 0.16906669735908508,
    "9": -0.06430638581514359,
    "10": 0.16848109662532806,
    "11": -0.006168114021420479,
    "12": -0.1664557009935379,
    "13": -0.08084897696971893,
    "14": -0.10884332656860352,
    "15": 0.11505015939474106,
    "16": -0.24285253882408142,
    "17": -0.12975306808948517,
    "18": -0.05267232283949852,
    "19": -0.08102495223283768,
    "20": 0.01866474561393261,
    "21": 0.03703078627586365,
    "22": 0.06909002363681793,
    "23": 0.023303905501961708,
    "24": -0.029489820823073387,
    "25": -0.3291333019733429,
    "26": -0.10622959583997726,
    "27": -0.12546686828136444,
    "28": 0.08744677901268005,
    "29": -0.042586348950862885,
    "30": 0.01650109700858593,
    "31": 0.03795110434293747,
    "32": -0.25052186846733093,
    "33": -0.1420174092054367,
    "34": 0.05281033366918564,
    "35": 0.0650561973452568,
    "36": -0.02109755203127861,
    "37": 0.06781548261642456,
    "38": 0.23443923890590668,
    "39": -0.04452349245548248,
    "40": -0.12003564089536667,
    "41": 0.018466470763087273,
    "42": 0.06460192799568176,
    "43": 0.32898643612861633,
    "44": 0.15097402036190033,
    "45": 0.12158694118261337,
    "46": 0.001859803101979196,
    "47": -0.12386681884527206,
    "48": 0.08592388778924942,
    "49": -0.0898062214255333,
    "50": 0.038516875356435776,
    "51": 0.18905770778656006,
    "52": 0.1081821396946907,
    "53": 0.027508271858096123,
    "54": 0.014244670048356056,
    "55": -0.14136172831058502,
    "56": 0.024197904393076897,
    "57": 0.08029767870903015,
    "58": -0.17276644706726074,
    "59": 0.057520415633916855,
    "60": 0.12627039849758148,
    "61": -0.08713873475790024,
    "62": 0.0013575429329648614,
    "63": -0.0046724495477974415,
    "64": 0.26098495721817017,
    "65": 0.001028241589665413,
    "66": -0.09684542566537857,
    "67": -0.144165500998497,
    "68": 0.12400776147842407,
    "69": -0.1786205768585205,
    "70": 0.0026319860480725765,
    "71": 0.03295097500085831,
    "72": -0.07610680907964706,
    "73": -0.15615209937095642,
    "74": -0.2925167977809906,
    "75": 0.0006809409242123365,
    "76": 0.43781381845474243,
    "77": 0.07382883876562119,
    "78": -0.09739092737436295,
    "79": 0.09245535731315613,
    "80": -0.07452961057424545,
    "81": -0.10165318846702576,
    "82": 0.09423436224460602,
    "83": 0.1149812564253807,
    "84": -0.1277700513601303,
    "85": 0.06759721040725708,
    "86": -0.08827989548444748,
    "87": 0.0320284478366375,
    "88": 0.16739428043365479,
    "89": 0.0073785861022770405,
    "90": -0.043910879641771317,
    "91": 0.12026571482419968,
    "92": -0.027733072638511658,
    "93": 0.028742654249072075,
    "94": 0.037834055721759796,
    "95": -0.00995481014251709,
    "96": -0.13429470360279083,
    "97": 0.009812457486987114,
    "98": -0.15868930518627167,
    "99": 0.008642338216304779,
    "100": -0.06309780478477478,
    "101": -0.04892074316740036,
    "102": 0.001586205093190074,
    "103": 0.061270613223314285,
    "104": -0.08192780613899231,
    "105": 0.0766816958785057,
    "106": 0.00025345379253849387,
    "107": -0.02789907343685627,
    "108": -0.1202055811882019,
    "109": 0.008729812689125538,
    "110": -0.1250508725643158,
    "111": -0.09294293820858002,
    "112": 0.1418156772851944,
    "113": -0.2163141667842865,
    "114": 0.24859574437141418,
    "115": 0.14737990498542786,
    "116": 0.014904630370438099,
    "117": 0.19370169937610626,
    "118": 0.10197766870260239,
    "119": 0.08333437144756317,
    "120": -0.020800191909074783,
    "121": 0.03291357681155205,
    "122": -0.13514864444732666,
    "123": -0.06628166884183884,
    "124": 0.07026419043540955,
    "125": -0.029235128313302994,
    "126": 0.19576682150363922,
    "127": 0.00602986803278327
}